title;company;location;url;source;description;date_posted;score;category;applied;interview;notes
IT Support Technician;Government of Canada;Ottawa;https://jobs.gc.ca/it-support-technician;Government;;;;;;;
Desktop Support Technician;Government of Canada;Gatineau;https://jobs.gc.ca/desktop-support-technician;Government;;;;;;;
Help Desk Analyst;Government of Canada;Remote;https://jobs.gc.ca/help-desk-analyst;Government;;;;;;;
Anthropic Fellows Program;Anthropic;"London, UK; Ontario, CAN; Remote-Friendly, United States; San Francisco, CA";https://job-boards.greenhouse.io/anthropic/jobs/5023394008;Greenhouse;;;;;;;
Anthropic Fellows Program, AI Safety;Anthropic;"London, UK; Ontario, CAN; Remote-Friendly, United States; San Francisco, CA";https://job-boards.greenhouse.io/anthropic/jobs/5183044008;Greenhouse;;;;;;;
Anthropic Fellows Program, AI Security;Anthropic;"London, UK; Ontario, CAN; Remote-Friendly, United States; San Francisco, CA";https://job-boards.greenhouse.io/anthropic/jobs/5030244008;Greenhouse;;;;;;;
Anthropic Fellows Program, ML Systems & Performance;Anthropic;"London, UK; Ontario, CAN; Remote-Friendly, United States; San Francisco, CA";https://job-boards.greenhouse.io/anthropic/jobs/5183051008;Greenhouse;;;;;;;
Anthropic Fellows Program, Reinforcement Learning;Anthropic;"London, UK; Ontario, CAN; Remote-Friendly, United States; San Francisco, CA";https://job-boards.greenhouse.io/anthropic/jobs/5183052008;Greenhouse;;;;;;;
Anthropic Fellows Program, The Anthropic Institute (Economics & Policy);Anthropic;"London, UK; Ontario, CAN; Remote-Friendly, United States; San Francisco, CA";https://job-boards.greenhouse.io/anthropic/jobs/5183053008;Greenhouse;;;;;;;
Data Center Architect, CSA;Anthropic;Remote-Friendly, United States;https://job-boards.greenhouse.io/anthropic/jobs/5339199008;Greenhouse;;;;;;;
Data Center Design Execution Lead;Anthropic;Remote-Friendly, United States;https://job-boards.greenhouse.io/anthropic/jobs/5157023008;Greenhouse;;;;;;;
Design Engineer, Web;Anthropic;Remote-Friendly (Travel-Required) | San Francisco, CA | New York City, NY;https://job-boards.greenhouse.io/anthropic/jobs/5223916008;Greenhouse;;;;;;;
Enterprise Account Executive, State & Local Sales;Anthropic;Remote-Friendly (Travel-Required) | San Francisco, CA | New York City, NY;https://job-boards.greenhouse.io/anthropic/jobs/4959329008;Greenhouse;;;;;;;
Field Marketing Manager, Public Sector;Anthropic;Remote-Friendly (Travel-Required) | San Francisco, CA | Washington, DC;https://job-boards.greenhouse.io/anthropic/jobs/5344577008;Greenhouse;;;;;;;
Incident Response Manager - Product & Engineering;Anthropic;"New York City, NY; Remote-Friendly, United States";https://job-boards.greenhouse.io/anthropic/jobs/5205495008;Greenhouse;;;;;;;
Infrastructure Tax Lead;Anthropic;Remote-Friendly (Travel-Required) | San Francisco, CA | New York City, NY;https://job-boards.greenhouse.io/anthropic/jobs/5123851008;Greenhouse;;;;;;;
IT Systems Engineer, Client Platform Engineer;Anthropic;"Boston, MA; New York City, NY; Remote-Friendly (Travel-Required) |  Washington, DC";https://job-boards.greenhouse.io/anthropic/jobs/5255853008;Greenhouse;;;;;;;
Operations Sourcing Manager, Data Center;Anthropic;Remote-Friendly, United States;https://job-boards.greenhouse.io/anthropic/jobs/5216208008;Greenhouse;;;;;;;
Red Team Engineer, Safeguards;Anthropic;Remote-Friendly (Travel Required) | San Francisco, CA;https://job-boards.greenhouse.io/anthropic/jobs/5320469008;Greenhouse;;;;;;;
Research Engineer, Knowledge Team;Anthropic;Remote-Friendly (Travel-Required) | San Francisco, CA | Seattle, WA | New York City, NY;https://job-boards.greenhouse.io/anthropic/jobs/4017331008;Greenhouse;;;;;;;
Research Engineer, Machine Learning (RL Velocity);Anthropic;Remote-Friendly (Travel-Required) | San Francisco, CA | New York City, NY;https://job-boards.greenhouse.io/anthropic/jobs/5198108008;Greenhouse;;;;;;;
Research Engineer, Model Evaluations;Anthropic;Remote-Friendly (Travel-Required) | San Francisco, CA | New York City, NY;https://job-boards.greenhouse.io/anthropic/jobs/5198255008;Greenhouse;;;;;;;
Research Engineer/Research Scientist, Pre-training;Anthropic;Remote-Friendly (Travel-Required) | San Francisco, CA | Seattle, WA | New York City, NY;https://job-boards.greenhouse.io/anthropic/jobs/4616971008;Greenhouse;;;;;;;
Research Engineer, Universes;Anthropic;Remote-Friendly (Travel-Required) | San Francisco, CA | Seattle, WA | New York City, NY;https://job-boards.greenhouse.io/anthropic/jobs/5061517008;Greenhouse;;;;;;;
Research Lead, Training Insights;Anthropic;"Remote-Friendly (Travel Required) | San Francisco, CA; San Francisco, CA | New York City, NY";https://job-boards.greenhouse.io/anthropic/jobs/5139654008;Greenhouse;;;;;;;
Research Operations, External Artifacts;Anthropic;Remote-Friendly, United States;https://job-boards.greenhouse.io/anthropic/jobs/5208278008;Greenhouse;;;;;;;
Safeguards Enforcement Analyst, Access Controls & Identity;Anthropic;"Remote-Friendly, United States; San Francisco, CA | New York City, NY | Washington, DC";https://job-boards.greenhouse.io/anthropic/jobs/5319626008;Greenhouse;;;;;;;
Safeguards Enforcement Analyst, Account Takeover & Credential Abuse;Anthropic;"Remote-Friendly, United States; San Francisco, CA | New York City, NY | Washington, DC";https://job-boards.greenhouse.io/anthropic/jobs/5319624008;Greenhouse;;;;;;;
Safeguards Enforcement Analyst, Age-Appropriate Design;Anthropic;"Remote-Friendly, United States; San Francisco, CA | New York City, NY | Washington, DC";https://job-boards.greenhouse.io/anthropic/jobs/5311234008;Greenhouse;;;;;;;
Safeguards Enforcement Analyst, Ban Evasion & Recidivism;Anthropic;"Remote-Friendly, United States; San Francisco, CA | New York City, NY | Washington, DC";https://job-boards.greenhouse.io/anthropic/jobs/5319592008;Greenhouse;;;;;;;
Safeguards Enforcement Analyst, Bio Harms;Anthropic;"Remote-Friendly, United States; San Francisco, CA | New York City, NY | Washington, DC";https://job-boards.greenhouse.io/anthropic/jobs/5319696008;Greenhouse;;;;;;;
Safeguards Enforcement Analyst, Chem & Explosives Harms;Anthropic;"Remote-Friendly, United States; San Francisco, CA | New York City, NY | Washington, DC";https://job-boards.greenhouse.io/anthropic/jobs/5319700008;Greenhouse;;;;;;;
Safeguards Enforcement Analyst, Child Safety;Anthropic;"Remote-Friendly, United States; San Francisco, CA | New York City, NY | Washington, DC";https://job-boards.greenhouse.io/anthropic/jobs/5311237008;Greenhouse;;;;;;;
Safeguards Enforcement Analyst, Cyber Harm ;Anthropic;"Remote-Friendly, United States; San Francisco, CA | New York City, NY | Washington, DC";https://job-boards.greenhouse.io/anthropic/jobs/5311159008;Greenhouse;;;;;;;
Safeguards Enforcement Analyst, Fraud & Scams;Anthropic;"Remote-Friendly, United States; San Francisco, CA | New York City, NY | Washington, DC";https://job-boards.greenhouse.io/anthropic/jobs/5319554008;Greenhouse;;;;;;;
Safeguards Enforcement Analyst, Integrity & Authenticity ;Anthropic;"Remote-Friendly, United States; San Francisco, CA | New York City, NY | Washington, DC";https://job-boards.greenhouse.io/anthropic/jobs/5311149008;Greenhouse;;;;;;;
Safeguards Enforcement Analyst, Radiological & Nuclear Harms;Anthropic;"Remote-Friendly, United States; San Francisco, CA | New York City, NY | Washington, DC";https://job-boards.greenhouse.io/anthropic/jobs/5319702008;Greenhouse;;;;;;;
Safeguards Enforcement Analyst, Safety Evaluations;Anthropic;"Remote-Friendly (Travel-Required) | San Francisco, CA | Washington, DC; San Francisco, CA | New York City, NY";https://job-boards.greenhouse.io/anthropic/jobs/5137183008;Greenhouse;;;;;;;
Safeguards Enforcement Analyst, Violence & Extremism;Anthropic;"Remote-Friendly, United States; San Francisco, CA | New York City, NY | Washington, DC";https://job-boards.greenhouse.io/anthropic/jobs/5343907008;Greenhouse;;;;;;;
Safeguards Policy Analyst, Fraud & Scams;Anthropic;Remote-Friendly (Travel-Required) | San Francisco, CA | New York City, NY;https://job-boards.greenhouse.io/anthropic/jobs/5174857008;Greenhouse;;;;;;;
Staff+ Application Security Engineer;Anthropic;Remote-Friendly (Travel-Required) | San Francisco, CA | Seattle, WA | New York City, NY;https://job-boards.greenhouse.io/anthropic/jobs/4502508008;Greenhouse;;;;;;;
Staff+ Application Security Engineer  - M&A  ;Anthropic;Remote-Friendly (Travel-Required) | San Francisco, CA | Seattle, WA | New York City, NY;https://job-boards.greenhouse.io/anthropic/jobs/5311463008;Greenhouse;;;;;;;
Staff+ Software Engineer, Inference Runtime;Anthropic;Remote-Friendly (Travel-Required) | San Francisco, CA | Seattle, WA | New York City, NY;https://job-boards.greenhouse.io/anthropic/jobs/5257650008;Greenhouse;;;;;;;
Staff Software Engineer, People Products;Anthropic;Remote-Friendly (Travel Required) | San Francisco, CA;https://job-boards.greenhouse.io/anthropic/jobs/5119468008;Greenhouse;;;;;;;
Staff+ Software Engineer, Public Sector;Anthropic;"Remote-Friendly, United States; San Francisco, CA | New York City, NY | Washington, DC";https://job-boards.greenhouse.io/anthropic/jobs/5205704008;Greenhouse;;;;;;;
Technical CBRN-E  Threat Investigator ;Anthropic;Remote-Friendly (Travel-Required) | San Francisco, CA | Washington, DC;https://job-boards.greenhouse.io/anthropic/jobs/5066997008;Greenhouse;;;;;;;
Technical Cyber Threat Investigator ;Anthropic;Remote-Friendly (Travel-Required) | San Francisco, CA | Washington, DC;https://job-boards.greenhouse.io/anthropic/jobs/5066995008;Greenhouse;;;;;;;
Threat Intelligence Engineer;Anthropic;Remote-Friendly (Travel-Required) | San Francisco, CA | Washington, DC;https://job-boards.greenhouse.io/anthropic/jobs/5074937008;Greenhouse;;;;;;;
Country Director, India;Cloudflare;Remote India;https://boards.greenhouse.io/cloudflare/jobs/7588061?gh_jid=7588061;Greenhouse;;;;;;;
Customer Engineer, India (Based in Mumbai);Cloudflare;Remote India;https://boards.greenhouse.io/cloudflare/jobs/7955378?gh_jid=7955378;Greenhouse;;;;;;;
Principal Partner Solutions Engineer, SAARC (Based in Bangalore);Cloudflare;Hybrid or Remote;https://boards.greenhouse.io/cloudflare/jobs/8024889?gh_jid=8024889;Greenhouse;;;;;;;
Senior Manager, Customer Engineering, India;Cloudflare;Remote India;https://boards.greenhouse.io/cloudflare/jobs/8020043?gh_jid=8020043;Greenhouse;;;;;;;
Account Executive - Italy;Gitlab;Remote, Italy;https://job-boards.greenhouse.io/gitlab/jobs/8503792002;Greenhouse;;;;;;;
AI Engineer;Gitlab;Remote, US;https://job-boards.greenhouse.io/gitlab/jobs/8565469002;Greenhouse;;;;;;;
AI Transformation Owner, Marketing;Gitlab;"Remote, Canada; Remote, United Kingdom; Remote, US";https://job-boards.greenhouse.io/gitlab/jobs/8548105002;Greenhouse;;;;;;;
Area Vice President - Financial Services ;Gitlab;Remote, US;https://job-boards.greenhouse.io/gitlab/jobs/8631068002;Greenhouse;;;;;;;
Area Vice President - LATAM;Gitlab;Remote, Brazil;https://job-boards.greenhouse.io/gitlab/jobs/8624025002;Greenhouse;;;;;;;
Backend Engineer (Ruby), AI Engineering: Agent Observability;Gitlab;Remote, Canada;https://job-boards.greenhouse.io/gitlab/jobs/8620720002;Greenhouse;;;;;;;
Business Development Representative ;Gitlab;Remote, North America;https://job-boards.greenhouse.io/gitlab/jobs/8532272002;Greenhouse;;;;;;;
Business Development Representative ;Gitlab;"Remote, EMEA; Remote, Germany; Remote, Ireland; Remote, Netherlands; Remote, United Kingdom";https://job-boards.greenhouse.io/gitlab/jobs/8532274002;Greenhouse;;;;;;;
Commercial Account Executive - Australia ;Gitlab;Remote, Australia;https://job-boards.greenhouse.io/gitlab/jobs/8617211002;Greenhouse;;;;;;;
Commercial Account Executive- Australia and New Zealand;Gitlab;Remote, Australia;https://job-boards.greenhouse.io/gitlab/jobs/8589163002;Greenhouse;;;;;;;
Commercial Account Executive - Greece/Malta ;Gitlab;"Remote, Ireland; Remote, United Kingdom";https://job-boards.greenhouse.io/gitlab/jobs/8528922002;Greenhouse;;;;;;;
Commercial Account Executive - Mid-Market, Canada;Gitlab;Remote, Canada;https://job-boards.greenhouse.io/gitlab/jobs/8561622002;Greenhouse;;;;;;;
Commercial Account Executive - Mid-Market, US West;Gitlab;Remote, US;https://job-boards.greenhouse.io/gitlab/jobs/8534549002;Greenhouse;;;;;;;
Commercial Account Executive - Named, US East;Gitlab;Remote, US;https://job-boards.greenhouse.io/gitlab/jobs/8535897002;Greenhouse;;;;;;;
Commercial Account Executive - Named, US West;Gitlab;Remote, US;https://job-boards.greenhouse.io/gitlab/jobs/8543383002;Greenhouse;;;;;;;
Commercial Account Executive - Nordics;Gitlab;Remote, Sweden;https://job-boards.greenhouse.io/gitlab/jobs/8617875002;Greenhouse;;;;;;;
Commercial Legal Counsel;Gitlab;Remote, US;https://job-boards.greenhouse.io/gitlab/jobs/8562593002;Greenhouse;;;;;;;
Customer Success Architect;Gitlab;Remote, United Arab Emirates;https://job-boards.greenhouse.io/gitlab/jobs/8617525002;Greenhouse;;;;;;;
Customer Success Architect, EMEA;Gitlab;"Remote, Austria; Remote, France; Remote, Germany";https://job-boards.greenhouse.io/gitlab/jobs/8561952002;Greenhouse;;;;;;;
Customer Success Architect, NEUR;Gitlab;"Remote, Ireland; Remote, Netherlands; Remote, United Kingdom";https://job-boards.greenhouse.io/gitlab/jobs/8578321002;Greenhouse;;;;;;;
Customer Success Architect, Singapore;Gitlab;Remote, Singapore;https://job-boards.greenhouse.io/gitlab/jobs/8478618002;Greenhouse;;;;;;;
Customer Success Engineer, EMEA ;Gitlab;"Remote, France; Remote, Germany; Remote, Ireland; Remote, Netherlands; Remote, Spain; Remote, United Kingdom";https://job-boards.greenhouse.io/gitlab/jobs/8583490002;Greenhouse;;;;;;;
Customer Success Engineer, India;Gitlab;Remote, India;https://job-boards.greenhouse.io/gitlab/jobs/8607271002;Greenhouse;;;;;;;
Customer Success Manager;Gitlab;Remote, North America;https://job-boards.greenhouse.io/gitlab/jobs/8533016002;Greenhouse;;;;;;;
Customer Success Manager;Gitlab;"Remote, Netherlands; Remote, United Kingdom";https://job-boards.greenhouse.io/gitlab/jobs/8618112002;Greenhouse;;;;;;;
Customer Success Manager - Australia;Gitlab;Remote, Australia;https://job-boards.greenhouse.io/gitlab/jobs/8548980002;Greenhouse;;;;;;;
Customer Success Manager- Public Sector ;Gitlab;Remote, US;https://job-boards.greenhouse.io/gitlab/jobs/8608483002;Greenhouse;;;;;;;
Customer Success Manager, SEUR;Gitlab;"Remote, France; Remote, Spain";https://job-boards.greenhouse.io/gitlab/jobs/8578341002;Greenhouse;;;;;;;
Director, Customer Experience Strategy;Gitlab;Remote, US;https://job-boards.greenhouse.io/gitlab/jobs/8628537002;Greenhouse;;;;;;;
Director, Engineering, Platform Operations & Productivity;Gitlab;Remote, Bangalore;https://job-boards.greenhouse.io/gitlab/jobs/8626772002;Greenhouse;;;;;;;
Director, Enterprise Architecture & Intelligent Automation;Gitlab;Remote, US;https://job-boards.greenhouse.io/gitlab/jobs/8510488002;Greenhouse;;;;;;;
Director of Engineering, Growth & Monetization;Gitlab;"Remote, Canada; Remote, US";https://job-boards.greenhouse.io/gitlab/jobs/8592768002;Greenhouse;;;;;;;
Director of Engineering, Security Factory;Gitlab;"Remote, Israel; Remote, United Kingdom";https://job-boards.greenhouse.io/gitlab/jobs/8607104002;Greenhouse;;;;;;;
Director, Strategic Partnerships;Gitlab;Remote, US;https://job-boards.greenhouse.io/gitlab/jobs/8615811002;Greenhouse;;;;;;;
Director, Support (EMEA);Gitlab;Remote, United Kingdom;https://job-boards.greenhouse.io/gitlab/jobs/8629005002;Greenhouse;;;;;;;
Distinguished Engineer, Agentic SDLC & Non‑Linear Productivity;Gitlab;"Remote, Canada; Remote, US";https://job-boards.greenhouse.io/gitlab/jobs/8537853002;Greenhouse;;;;;;;
Ecosystem Sales Manager, Carahsoft (Washington DC);Gitlab;Remote;https://job-boards.greenhouse.io/gitlab/jobs/8618771002;Greenhouse;;;;;;;
Engagement Manager - EMEA;Gitlab;"Remote, Ireland; Remote, United Kingdom";https://job-boards.greenhouse.io/gitlab/jobs/8467462002;Greenhouse;;;;;;;
Engineering Manager, AI Engineering: Chat;Gitlab;"Remote, Americas; Remote, Canada; Remote, United Kingdom";https://job-boards.greenhouse.io/gitlab/jobs/8603824002;Greenhouse;;;;;;;
Engineering Manager, Cell Infrastructure;Gitlab;Remote, Bangalore;https://job-boards.greenhouse.io/gitlab/jobs/8615946002;Greenhouse;;;;;;;
Engineering Manager, Data Foundations;Gitlab;Remote, US;https://job-boards.greenhouse.io/gitlab/jobs/8592950002;Greenhouse;;;;;;;
Engineering Manager, Geo for Self-Managed Customers;Gitlab;Remote, United Kingdom;https://job-boards.greenhouse.io/gitlab/jobs/8607714002;Greenhouse;;;;;;;
Engineering Manager, Gitlab Delivery: Upgrades;Gitlab;Remote, India;https://job-boards.greenhouse.io/gitlab/jobs/8463917002;Greenhouse;;;;;;;
Engineering Manager, Growth;Gitlab;"Remote, Canada; Remote, US";https://job-boards.greenhouse.io/gitlab/jobs/8592891002;Greenhouse;;;;;;;
Engineering Manager, Observability, Monitoring, and Integrations (Monetization);Gitlab;Remote, India;https://job-boards.greenhouse.io/gitlab/jobs/8481197002;Greenhouse;;;;;;;
Engineering Manager, SSCS: Supply Chain;Gitlab;Remote, India;https://job-boards.greenhouse.io/gitlab/jobs/8478405002;Greenhouse;;;;;;;
Engineering Manager, Switchboard;Gitlab;Remote, United Kingdom;https://job-boards.greenhouse.io/gitlab/jobs/8586632002;Greenhouse;;;;;;;
Engineering Manager, Tenant Scale:Git;Gitlab;"Remote, Americas; Remote, Canada; Remote, United Kingdom";https://job-boards.greenhouse.io/gitlab/jobs/8617538002;Greenhouse;;;;;;;
Enterprise Account Executive - CIS (Russian Speaker);Gitlab;Remote, Netherlands;https://job-boards.greenhouse.io/gitlab/jobs/8583761002;Greenhouse;;;;;;;
Enterprise Account Executive - CIS (Russian Speaker);Gitlab;Remote, Ireland;https://job-boards.greenhouse.io/gitlab/jobs/8583759002;Greenhouse;;;;;;;
Enterprise Account Executive - CIS (Russian Speaker);Gitlab;Remote, Germany;https://job-boards.greenhouse.io/gitlab/jobs/8583758002;Greenhouse;;;;;;;
Enterprise Account Executive - DACH;Gitlab;Remote, Germany;https://job-boards.greenhouse.io/gitlab/jobs/8631153002;Greenhouse;;;;;;;
Executive Assistant ;Gitlab;Remote, US;https://job-boards.greenhouse.io/gitlab/jobs/8523640002;Greenhouse;;;;;;;
Executive Assistant (United Kingdom);Gitlab;Remote, United Kingdom;https://job-boards.greenhouse.io/gitlab/jobs/8584747002;Greenhouse;;;;;;;
Forward Deployed Engineer - Germany;Gitlab;"Remote, Austria; Remote, Germany; Remote, Switzerland";https://job-boards.greenhouse.io/gitlab/jobs/8522408002;Greenhouse;;;;;;;
Forward Deployed Engineer - META;Gitlab;Remote, United Arab Emirates;https://job-boards.greenhouse.io/gitlab/jobs/8524783002;Greenhouse;;;;;;;
Forward Deployed Engineer - UK;Gitlab;Remote, United Kingdom;https://job-boards.greenhouse.io/gitlab/jobs/8522265002;Greenhouse;;;;;;;
FP&A Manager, R&D;Gitlab;Remote, US;https://job-boards.greenhouse.io/gitlab/jobs/8626198002;Greenhouse;;;;;;;
Global Sales Development Operations Senior Associate;Gitlab;"Remote, Germany; Remote, Ireland; Remote, Netherlands; Remote, United Kingdom";https://job-boards.greenhouse.io/gitlab/jobs/8606746002;Greenhouse;;;;;;;
High Velocity Enablement Lead ;Gitlab;Remote, US;https://job-boards.greenhouse.io/gitlab/jobs/8604633002;Greenhouse;;;;;;;
Hyperscaler Operations Manager;Gitlab;"Remote, Canada; Remote, US";https://job-boards.greenhouse.io/gitlab/jobs/8632005002;Greenhouse;;;;;;;
Incentive Compensation Manager;Gitlab;"Remote, Singapore; Remote, US";https://job-boards.greenhouse.io/gitlab/jobs/8614942002;Greenhouse;;;;;;;
Intermediate Backend Engineer - Analytics Instrumentation;Gitlab;Remote, India;https://job-boards.greenhouse.io/gitlab/jobs/8615389002;Greenhouse;;;;;;;
Intermediate Backend Engineer (C), Tenant Scale: Git ;Gitlab;Remote, India;https://job-boards.greenhouse.io/gitlab/jobs/8497793002;Greenhouse;;;;;;;
Intermediate Fullstack Engineer - Data Products;Gitlab;Remote, India;https://job-boards.greenhouse.io/gitlab/jobs/8623751002;Greenhouse;;;;;;;
Lead Global Marketing Campaigns Manager;Gitlab;"Remote, Canada; Remote, US";https://job-boards.greenhouse.io/gitlab/jobs/8550333002;Greenhouse;;;;;;;
Lead, Learning Architecture & AI Enablement;Gitlab;"Remote, Canada; Remote, US";https://job-boards.greenhouse.io/gitlab/jobs/8633470002;Greenhouse;;;;;;;
Major Account Executive, Germany;Gitlab;Remote, Germany;https://job-boards.greenhouse.io/gitlab/jobs/8433107002;Greenhouse;;;;;;;
Manager, Business Development   ;Gitlab;Remote, North America;https://job-boards.greenhouse.io/gitlab/jobs/8614683002;Greenhouse;;;;;;;
Manager, Customer Success Managers, EMEA;Gitlab;"Remote, Austria; Remote, Germany";https://job-boards.greenhouse.io/gitlab/jobs/8613199002;Greenhouse;;;;;;;
Manager, Customer Success Operations;Gitlab;Remote, US;https://job-boards.greenhouse.io/gitlab/jobs/8604996002;Greenhouse;;;;;;;
Manager, Engineering, Git & Gitaly Operations;Gitlab;Remote, Bangalore;https://job-boards.greenhouse.io/gitlab/jobs/8626740002;Greenhouse;;;;;;;
Manager, Engineering, Nonlinear Productivity (Friction Elimination & Solutions);Gitlab;Remote, Bangalore;https://job-boards.greenhouse.io/gitlab/jobs/8632388002;Greenhouse;;;;;;;
Manager, Security Incident Response Team (USA);Gitlab;Remote, US;https://job-boards.greenhouse.io/gitlab/jobs/8535048002;Greenhouse;;;;;;;
Manager, Solutions Architect - APJ;Gitlab;Remote, Singapore;https://job-boards.greenhouse.io/gitlab/jobs/8589147002;Greenhouse;;;;;;;
Manager, Solutions Architects;Gitlab;Remote, US;https://job-boards.greenhouse.io/gitlab/jobs/8396674002;Greenhouse;;;;;;;
New Business Account Executive - Nordics;Gitlab;"Remote, Netherlands; Remote, Sweden";https://job-boards.greenhouse.io/gitlab/jobs/8615513002;Greenhouse;;;;;;;
New Business Account Executive - SLED;Gitlab;Remote, US;https://job-boards.greenhouse.io/gitlab/jobs/8610803002;Greenhouse;;;;;;;
New Business Account Executive - Southern California ;Gitlab;Remote, US;https://job-boards.greenhouse.io/gitlab/jobs/8615797002;Greenhouse;;;;;;;
Principal HRIS Analyst, People Technology - Workday;Gitlab;Remote, US;https://job-boards.greenhouse.io/gitlab/jobs/8574978002;Greenhouse;;;;;;;
Principal, Leadership Development ;Gitlab;Remote, United States;https://job-boards.greenhouse.io/gitlab/jobs/8633813002;Greenhouse;;;;;;;
Principal Product Manager, AI Custom Models;Gitlab;"Remote, Canada; Remote, US";https://job-boards.greenhouse.io/gitlab/jobs/8564957002;Greenhouse;;;;;;;
Principal Product Manager, Engineering Intelligence & Insights;Gitlab;"Remote, Canada; Remote, US";https://job-boards.greenhouse.io/gitlab/jobs/8597813002;Greenhouse;;;;;;;
Professional Services Engagement Manager;Gitlab;Remote, US;https://job-boards.greenhouse.io/gitlab/jobs/8579044002;Greenhouse;;;;;;;
Professional Services Program Manager;Gitlab;Remote, US;https://job-boards.greenhouse.io/gitlab/jobs/8617252002;Greenhouse;;;;;;;
Professional Services Technical Architect ;Gitlab;"Remote, Canada; Remote, US";https://job-boards.greenhouse.io/gitlab/jobs/8616847002;Greenhouse;;;;;;;
Public Sector Strategic Account Executive, DoD;Gitlab;Remote, US;https://job-boards.greenhouse.io/gitlab/jobs/8498707002;Greenhouse;;;;;;;
Public Sector Strategic Account Executive, Federal Civilian;Gitlab;Remote, US;https://job-boards.greenhouse.io/gitlab/jobs/8589192002;Greenhouse;;;;;;;
Public Sector Strategic Account Executive, FSI;Gitlab;Remote, US;https://job-boards.greenhouse.io/gitlab/jobs/8596778002;Greenhouse;;;;;;;
Renewals Manager;Gitlab;Remote, US;https://job-boards.greenhouse.io/gitlab/jobs/8611813002;Greenhouse;;;;;;;
Renewals Manager - Australia;Gitlab;Remote, Australia;https://job-boards.greenhouse.io/gitlab/jobs/8623577002;Greenhouse;;;;;;;
Revenue Analytics Manager;Gitlab;"Remote, Canada; Remote, US";https://job-boards.greenhouse.io/gitlab/jobs/8616247002;Greenhouse;;;;;;;
Revenue Technology Analyst;Gitlab;"Remote, Canada; Remote, US";https://job-boards.greenhouse.io/gitlab/jobs/8618795002;Greenhouse;;;;;;;
Senior AI Engineer;Gitlab;Remote, US;https://job-boards.greenhouse.io/gitlab/jobs/8548545002;Greenhouse;;;;;;;
Senior AI Engineer;Gitlab;Remote, Bangalore;https://job-boards.greenhouse.io/gitlab/jobs/8556658002;Greenhouse;;;;;;;
Senior Backend Engineer, AI Engineering: AI Coding;Gitlab;Remote, United Kingdom;https://job-boards.greenhouse.io/gitlab/jobs/8621620002;Greenhouse;;;;;;;
Senior Backend Engineer, Analytics Instrumentation (Golang);Gitlab;"Remote, Canada; Remote, US";https://job-boards.greenhouse.io/gitlab/jobs/8451512002;Greenhouse;;;;;;;
Senior Backend Engineer, Gitlab Delivery: Zero Downtime Upgrades;Gitlab;Remote, India;https://job-boards.greenhouse.io/gitlab/jobs/8463925002;Greenhouse;;;;;;;
Senior Backend Engineer(Go), Continuous Delivery;Gitlab;Remote, India;https://job-boards.greenhouse.io/gitlab/jobs/8488966002;Greenhouse;;;;;;;
Senior Backend Engineer - Platform Insights;Gitlab;Remote, India;https://job-boards.greenhouse.io/gitlab/jobs/8615439002;Greenhouse;;;;;;;
Senior Backend Engineer (Ruby), AI Engineering: Duo Agent Platform Tools;Gitlab;"Remote, Canada; Remote, United Kingdom";https://job-boards.greenhouse.io/gitlab/jobs/8603839002;Greenhouse;;;;;;;
Senior Backend Engineer,  SSCS: Supply Chain;Gitlab;Remote, India;https://job-boards.greenhouse.io/gitlab/jobs/8480580002;Greenhouse;;;;;;;
Senior Commercial Account Executive - CIS (Russian Speaker);Gitlab;Remote, Ireland;https://job-boards.greenhouse.io/gitlab/jobs/8583752002;Greenhouse;;;;;;;
Senior Commercial Account Executive - CIS (Russian Speaker);Gitlab;Remote, Germany;https://job-boards.greenhouse.io/gitlab/jobs/8551468002;Greenhouse;;;;;;;
Senior Commercial Account Executive - CIS (Russian Speaker);Gitlab;Remote, Netherlands;https://job-boards.greenhouse.io/gitlab/jobs/8583753002;Greenhouse;;;;;;;
Senior Commercial Legal Counsel, APAC;Gitlab;"Remote, Japan; Remote, Philippines; Remote, Singapore";https://job-boards.greenhouse.io/gitlab/jobs/8500014002;Greenhouse;;;;;;;
Senior Customer Success Architect, France;Gitlab;Remote, France;https://job-boards.greenhouse.io/gitlab/jobs/8607642002;Greenhouse;;;;;;;
Senior Customer Success Engineer- Public Sector;Gitlab;Remote, US;https://job-boards.greenhouse.io/gitlab/jobs/8599261002;Greenhouse;;;;;;;
Senior Customer Success Manager- Public Sector ;Gitlab;Remote, US;https://job-boards.greenhouse.io/gitlab/jobs/8616005002;Greenhouse;;;;;;;
Senior Director, Deal Desk;Gitlab;Remote, US;https://job-boards.greenhouse.io/gitlab/jobs/8592663002;Greenhouse;;;;;;;
Senior Director, Field CTOs;Gitlab;Remote, US;https://job-boards.greenhouse.io/gitlab/jobs/8609650002;Greenhouse;;;;;;;
Senior Director, People Business Partner;Gitlab;Remote, US;https://job-boards.greenhouse.io/gitlab/jobs/8592710002;Greenhouse;;;;;;;
Senior Director, Procurement;Gitlab;Remote, US;https://job-boards.greenhouse.io/gitlab/jobs/8539908002;Greenhouse;;;;;;;
Senior Engineering Manager, Non-Linear Productivity;Gitlab;"Remote, Canada; Remote, United Kingdom; Remote, US";https://job-boards.greenhouse.io/gitlab/jobs/8626290002;Greenhouse;;;;;;;
Senior Executive Assistant;Gitlab;Remote, US;https://job-boards.greenhouse.io/gitlab/jobs/8609688002;Greenhouse;;;;;;;
Senior Manager, Business Development ;Gitlab;"Remote, Germany; Remote, Ireland; Remote, Netherlands; Remote, United Kingdom";https://job-boards.greenhouse.io/gitlab/jobs/8606688002;Greenhouse;;;;;;;
Senior Manager, Customer Trust & Security Governance ;Gitlab;Remote, US;https://job-boards.greenhouse.io/gitlab/jobs/8599175002;Greenhouse;;;;;;;
Senior Manager, CX Services Operations;Gitlab;Remote, US;https://job-boards.greenhouse.io/gitlab/jobs/8561194002;Greenhouse;;;;;;;
Senior Manager, End User Services;Gitlab;Remote, North America;https://job-boards.greenhouse.io/gitlab/jobs/8597889002;Greenhouse;;;;;;;
Senior Manager, Product Management: Agentic Software Delivery;Gitlab;"Remote, Canada; Remote, US";https://job-boards.greenhouse.io/gitlab/jobs/8597826002;Greenhouse;;;;;;;
Senior Manager, Professional Services Technical Architect;Gitlab;"Remote, Canada; Remote, US";https://job-boards.greenhouse.io/gitlab/jobs/8597809002;Greenhouse;;;;;;;
Senior Manager, Security Compliance ;Gitlab;Remote, US;https://job-boards.greenhouse.io/gitlab/jobs/8612148002;Greenhouse;;;;;;;
Senior Named Account Executive - DACH;Gitlab;Remote, Germany;https://job-boards.greenhouse.io/gitlab/jobs/8627798002;Greenhouse;;;;;;;
Senior Product Designer, AI;Gitlab;"Remote, Canada; Remote, US";https://job-boards.greenhouse.io/gitlab/jobs/8464608002;Greenhouse;;;;;;;
Senior Product Manager, AI Platform Management;Gitlab;"Remote, Ireland; Remote, Israel; Remote, United Kingdom";https://job-boards.greenhouse.io/gitlab/jobs/8568868002;Greenhouse;;;;;;;
Senior Product Manager, Plan to Code;Gitlab;"Remote, Canada; Remote, US";https://job-boards.greenhouse.io/gitlab/jobs/8597805002;Greenhouse;;;;;;;
Senior Professional Services Engineer - Japan;Gitlab;Remote, Japan;https://job-boards.greenhouse.io/gitlab/jobs/8623542002;Greenhouse;;;;;;;
Senior Professional Services Partners Manager, Subcontractor Partner Solutions;Gitlab;Remote, US;https://job-boards.greenhouse.io/gitlab/jobs/8597847002;Greenhouse;;;;;;;
Senior Program Manager, Enterprise Technology & AI;Gitlab;Remote, Bangalore;https://job-boards.greenhouse.io/gitlab/jobs/8584282002;Greenhouse;;;;;;;
Senior Public Sector Solutions Architect;Gitlab;Remote, US;https://job-boards.greenhouse.io/gitlab/jobs/8627228002;Greenhouse;;;;;;;
Senior Public Sector Strategic Account Executive - Australia;Gitlab;Remote, Australia;https://job-boards.greenhouse.io/gitlab/jobs/8589165002;Greenhouse;;;;;;;
Senior Regional Marketing Manager, EMEA;Gitlab;Remote, EMEA;https://job-boards.greenhouse.io/gitlab/jobs/8453504002;Greenhouse;;;;;;;
Senior Revenue Analytics Analyst;Gitlab;"Remote, Canada; Remote, US";https://job-boards.greenhouse.io/gitlab/jobs/8616308002;Greenhouse;;;;;;;
Senior Security Engineer, Security Incident Response Team (SIRT) - EMEA;Gitlab;"Remote, Israel; Remote, United Kingdom";https://job-boards.greenhouse.io/gitlab/jobs/8628447002;Greenhouse;;;;;;;
Senior Solutions Architect;Gitlab;Remote, Germany;https://job-boards.greenhouse.io/gitlab/jobs/8603849002;Greenhouse;;;;;;;
Senior Solutions Architect;Gitlab;Remote, United Kingdom;https://job-boards.greenhouse.io/gitlab/jobs/8611764002;Greenhouse;;;;;;;
Senior Solutions Architect, AI / Core DevOps - EMEA;Gitlab;Remote, United Kingdom;https://job-boards.greenhouse.io/gitlab/jobs/8468159002;Greenhouse;;;;;;;
Senior Solutions Architect - East;Gitlab;Remote, US;https://job-boards.greenhouse.io/gitlab/jobs/8589195002;Greenhouse;;;;;;;
Senior Solutions Architect, Financial Services - NYC area;Gitlab;Remote, US;https://job-boards.greenhouse.io/gitlab/jobs/8589176002;Greenhouse;;;;;;;
Senior Solutions Architect, Global SI (India);Gitlab;Remote, Bangalore;https://job-boards.greenhouse.io/gitlab/jobs/8591221002;Greenhouse;;;;;;;
Senior Solutions Architect, MEA;Gitlab;Remote, United Arab Emirates;https://job-boards.greenhouse.io/gitlab/jobs/8593622002;Greenhouse;;;;;;;
Senior Solutions Architect - SF Bay area;Gitlab;Remote, US;https://job-boards.greenhouse.io/gitlab/jobs/8589178002;Greenhouse;;;;;;;
Senior Solutions Architect - UAE;Gitlab;Remote, United Arab Emirates;https://job-boards.greenhouse.io/gitlab/jobs/8627022002;Greenhouse;;;;;;;
Senior TA Operations Specialist;Gitlab;Remote, US;https://job-boards.greenhouse.io/gitlab/jobs/8588547002;Greenhouse;;;;;;;
Senior Threat Intelligence Engineer ;Gitlab;"Remote, Canada; Remote, India; Remote, US";https://job-boards.greenhouse.io/gitlab/jobs/8631175002;Greenhouse;;;;;;;
Site Reliability Engineer, Cloud Cost Utilization;Gitlab;Remote, US;https://job-boards.greenhouse.io/gitlab/jobs/8515080002;Greenhouse;;;;;;;
Site Reliability Engineer, Intermediate to Senior Staff — Infrastructure Platforms;Gitlab;"Remote, Canada; Remote, United Kingdom; Remote, US";https://job-boards.greenhouse.io/gitlab/jobs/8623389002;Greenhouse;;;;;;;
Solutions Architect;Gitlab;Remote, United Kingdom;https://job-boards.greenhouse.io/gitlab/jobs/8611767002;Greenhouse;;;;;;;
Staff Backend Engineer, Gitlab Delivery: Upgrades;Gitlab;Remote, India;https://job-boards.greenhouse.io/gitlab/jobs/8463922002;Greenhouse;;;;;;;
Staff Backend Engineer (Go), Continuous Delivery;Gitlab;Remote, India;https://job-boards.greenhouse.io/gitlab/jobs/8488961002;Greenhouse;;;;;;;
Staff Backend Engineer (Ruby on Rails/AI), Verify;Gitlab;Remote, United Kingdom;https://job-boards.greenhouse.io/gitlab/jobs/8448283002;Greenhouse;;;;;;;
Staff Backend Engineer,  Software Supply Chain Security;Gitlab;Remote, India;https://job-boards.greenhouse.io/gitlab/jobs/8480559002;Greenhouse;;;;;;;
Staff Fullstack Engineer - Data Products;Gitlab;Remote, India;https://job-boards.greenhouse.io/gitlab/jobs/8613165002;Greenhouse;;;;;;;
Staff Fullstack Engineer - Data Products;Gitlab;Remote, India;https://job-boards.greenhouse.io/gitlab/jobs/8623763002;Greenhouse;;;;;;;
Staff Infrastructure Security Engineer (APAC, EMEA, or US);Gitlab;"Remote, India; Remote, Israel; Remote, United Kingdom; Remote, US";https://job-boards.greenhouse.io/gitlab/jobs/8514960002;Greenhouse;;;;;;;
Staff Lifecycle Marketing Manager;Gitlab;"Remote, Canada; Remote, US";https://job-boards.greenhouse.io/gitlab/jobs/8610952002;Greenhouse;;;;;;;
Staff Product Designer, Knowledge Graph;Gitlab;"Remote, Canada; Remote, United Kingdom; Remote, US";https://job-boards.greenhouse.io/gitlab/jobs/8475077002;Greenhouse;;;;;;;
Staff Product Manager,  RevOps & Finance Systems;Gitlab;Remote, US;https://job-boards.greenhouse.io/gitlab/jobs/8612937002;Greenhouse;;;;;;;
Staff Social Media Manager ;Gitlab;"Remote, Canada; Remote, US";https://job-boards.greenhouse.io/gitlab/jobs/8577767002;Greenhouse;;;;;;;
Strategic Account Executive  - Belgium & Luxembourg (Public Sector);Gitlab;Remote, France;https://job-boards.greenhouse.io/gitlab/jobs/8575027002;Greenhouse;;;;;;;
Strategic Account Executive, Germany (Ent Industry);Gitlab;Remote, Germany;https://job-boards.greenhouse.io/gitlab/jobs/8520248002;Greenhouse;;;;;;;
Strategic Account Executive, San Francisco ;Gitlab;Remote, US;https://job-boards.greenhouse.io/gitlab/jobs/8604630002;Greenhouse;;;;;;;
Strategic Account Executive - South Africa;Gitlab;Remote, United Arab Emirates;https://job-boards.greenhouse.io/gitlab/jobs/8555134002;Greenhouse;;;;;;;
Support Engineer, U.S. Government Support;Gitlab;Remote, US;https://job-boards.greenhouse.io/gitlab/jobs/8628780002;Greenhouse;;;;;;;
Technical Architect - Australia;Gitlab;Remote, Australia;https://job-boards.greenhouse.io/gitlab/jobs/8595143002;Greenhouse;;;;;;;
Vice President, Data & Insights;Gitlab;Remote, US;https://job-boards.greenhouse.io/gitlab/jobs/8510676002;Greenhouse;;;;;;;
Vice President, Finance Strategy & Operations;Gitlab;Remote, US;https://job-boards.greenhouse.io/gitlab/jobs/8467198002;Greenhouse;;;;;;;
Vice President, Legal Commercial;Gitlab;Remote, US;https://job-boards.greenhouse.io/gitlab/jobs/8499647002;Greenhouse;;;;;;;
Senior Solutions Architect, Mid Market (Presales) - Canada;Elastic;Toronto, Canada;https://jobs.elastic.co/jobs?gh_jid=7833920&gh_jid=7833920;Greenhouse;;;;;;;
Senior Solutions Architect, Mid Market (Presales) - Canada;Elastic;Montreal, Canada;https://jobs.elastic.co/jobs?gh_jid=7967126&gh_jid=7967126;Greenhouse;;;;;;;
Director, Security Channels (North America);Datadog;"Colorado, USA, Remote; Illinois, USA, Remote; New York, New York, USA; New York, USA, Remote; San Francisco, California, USA; Texas, USA, Remote";https://careers.datadoghq.com/detail/7984985/?gh_jid=7984985;Greenhouse;;;;;;;
Engineering Manager II - APM DCS Platform Delivery;Datadog;"Denmark, Remote; France, Remote; Germany, Remote; Ireland, Remote; Italy, Remote; Poland, Remote; Spain, Remote; Sweden, Remote";https://careers.datadoghq.com/detail/8045998/?gh_jid=8045998;Greenhouse;;;;;;;
Engineering Manager II - APM DCS Platform Delivery;Datadog;Portugal, Remote;https://careers.datadoghq.com/detail/8046089/?gh_jid=8046089;Greenhouse;;;;;;;
Enterprise Customer Success Manager;Datadog;Thailand, Remote;https://careers.datadoghq.com/detail/8027963/?gh_jid=8027963;Greenhouse;;;;;;;
Enterprise Sales Engineer - Mexico;Datadog;Mexico, Remote;https://careers.datadoghq.com/detail/7843358/?gh_jid=7843358;Greenhouse;;;;;;;
Enterprise Sales Engineer - Rockies;Datadog;Colorado, USA, Remote;https://careers.datadoghq.com/detail/7857714/?gh_jid=7857714;Greenhouse;;;;;;;
Enterprise Sales Engineer - UK;Datadog;United Kingdom, Remote;https://careers.datadoghq.com/detail/7487353/?gh_jid=7487353;Greenhouse;;;;;;;
Enterprise Sales Executive;Datadog;North Carolina, USA, Remote;https://careers.datadoghq.com/detail/7421331/?gh_jid=7421331;Greenhouse;;;;;;;
Enterprise Sales Executive;Datadog;Georgia, USA, Remote;https://careers.datadoghq.com/detail/7405822/?gh_jid=7405822;Greenhouse;;;;;;;
Enterprise Sales Executive;Datadog;Florida, USA, Remote;https://careers.datadoghq.com/detail/7466155/?gh_jid=7466155;Greenhouse;;;;;;;
Enterprise Sales Executive;Datadog;"North Carolina, USA, Remote; Tennessee, USA, Remote";https://careers.datadoghq.com/detail/7465857/?gh_jid=7465857;Greenhouse;;;;;;;
Enterprise Sales Executive;Datadog;"Montreal, Canada; Quebec City, Quebec, Canada";https://careers.datadoghq.com/detail/4828332/?gh_jid=4828332;Greenhouse;;;;;;;
Enterprise Sales Executive (FED);Datadog;"Maryland, USA, Remote; Virginia, USA, Remote";https://careers.datadoghq.com/detail/7421284/?gh_jid=7421284;Greenhouse;;;;;;;
Enterprise Sales Executive (SLED);Datadog;"Illinois, USA, Remote; Michigan, USA, Remote; Texas, USA, Remote";https://careers.datadoghq.com/detail/7453039/?gh_jid=7453039;Greenhouse;;;;;;;
Major Account Manager;Datadog;"Florida, USA, Remote; North Carolina, USA, Remote";https://careers.datadoghq.com/detail/7492312/?gh_jid=7492312;Greenhouse;;;;;;;
Major Account Manager (EMEA);Datadog;"Paris, France; Switzerland, Remote";https://careers.datadoghq.com/detail/7409175/?gh_jid=7409175;Greenhouse;;;;;;;
Partner Manager - Channels;Datadog;"Illinois, USA, Remote; Michigan, USA, Remote; Minnesota, USA, Remote; Ohio, USA, Remote; Texas, USA, Remote";https://careers.datadoghq.com/detail/7872382/?gh_jid=7872382;Greenhouse;;;;;;;
Partner Solutions Architect (Colombia);Datadog;Colombia, Remote;https://careers.datadoghq.com/detail/7977644/?gh_jid=7977644;Greenhouse;;;;;;;
Partner Solutions Architect (GSI) - AMER West;Datadog;"California, USA, Remote; Illinois, USA, Remote; Texas, USA, Remote; Washington, USA, Remote";https://careers.datadoghq.com/detail/8015631/?gh_jid=8015631;Greenhouse;;;;;;;
Partner Solutions Architect (Pan-EMEA GSI);Datadog;"Amsterdam, The Netherlands; Italy, Remote; Lisbon, Portugal; London, United Kingdom; Madrid, Spain; Stockholm, Sweden";https://careers.datadoghq.com/detail/7997198/?gh_jid=7997198;Greenhouse;;;;;;;
Principal Partner Manager - Channels (GSI);Datadog;"Boston, Massachusetts, USA; Denver, Colorado, USA; Florida, USA, Remote; Illinois, USA, Remote; New Jersey, USA, Remote; New York, New York, USA; San Francisco, California, USA; Texas, USA, Remote; Washington, USA, Remote";https://careers.datadoghq.com/detail/7582679/?gh_jid=7582679;Greenhouse;;;;;;;
Principal Partner Manager - Channels (GSI);Datadog;"Boston, Massachusetts, USA; Denver, Colorado, USA; Florida, USA, Remote; Illinois, USA, Remote; New Jersey, USA, Remote; New York, New York, USA; San Francisco, California, USA; Texas, USA, Remote; Washington, USA, Remote";https://careers.datadoghq.com/detail/7584250/?gh_jid=7584250;Greenhouse;;;;;;;
Principal Partner Manager - Channels (Nordics/Benelux GSI);Datadog;"Amsterdam, The Netherlands; Copenhagen, Denmark; Germany, Remote; Stockholm, Sweden";https://careers.datadoghq.com/detail/8039295/?gh_jid=8039295;Greenhouse;;;;;;;
Principal Partner Manager - Channels (UKI Security);Datadog;"London, United Kingdom; United Kingdom, Remote";https://careers.datadoghq.com/detail/7747740/?gh_jid=7747740;Greenhouse;;;;;;;
Principal Partner Manager - Technology Alliances;Datadog;"California, USA, Remote; Massachusetts, USA, Remote; New York, New York, USA; New York, USA, Remote; Texas, USA, Remote; Washington, USA, Remote";https://careers.datadoghq.com/detail/7976823/?gh_jid=7976823;Greenhouse;;;;;;;
Principal Partner Solutions Architect (Public Sector - Fed);Datadog;"District of Columbia, USA, Remote; Maryland, USA, Remote; Virginia, USA, Remote";https://careers.datadoghq.com/detail/7943824/?gh_jid=7943824;Greenhouse;;;;;;;
Regional Manager, Sales Engineering - UK;Datadog;United Kingdom, Remote;https://careers.datadoghq.com/detail/8048106/?gh_jid=8048106;Greenhouse;;;;;;;
Security Sales Engineer;Datadog;"Florida, USA, Remote; Massachusetts, USA, Remote; New York, USA, Remote";https://careers.datadoghq.com/detail/7554877/?gh_jid=7554877;Greenhouse;;;;;;;
Senior Developer Advocate - Data Observability;Datadog;"California, USA, Remote; Colorado, USA, Remote; Illinois, USA, Remote; New York, USA, Remote; Washington, USA, Remote";https://careers.datadoghq.com/detail/7555520/?gh_jid=7555520;Greenhouse;;;;;;;
Senior Developer Advocate - Modern App Development;Datadog;"California, USA, Remote; Nevada, USA, Remote; Texas, USA, Remote; Washington, USA, Remote";https://careers.datadoghq.com/detail/7985840/?gh_jid=7985840;Greenhouse;;;;;;;
Senior Partner Program Manager - Strategic Initiatives;Datadog;"California, USA, Remote; Colorado, USA, Remote; Massachusetts, USA, Remote; New York, New York, USA; New York, USA, Remote";https://careers.datadoghq.com/detail/7977339/?gh_jid=7977339;Greenhouse;;;;;;;
Senior Sales Engineer - Key Accounts;Datadog;"California, USA, Remote; Oregon, USA, Remote; Washington, USA, Remote";https://careers.datadoghq.com/detail/7516279/?gh_jid=7516279;Greenhouse;;;;;;;
Senior Sales Engineer - Key Accounts (Central);Datadog;Texas, USA, Remote;https://careers.datadoghq.com/detail/7961222/?gh_jid=7961222;Greenhouse;;;;;;;
Senior Sales Engineer - Majors (East);Datadog;New York, USA, Remote;https://careers.datadoghq.com/detail/7917340/?gh_jid=7917340;Greenhouse;;;;;;;
Senior Sales Engineer - Majors (France);Datadog;France, Remote;https://careers.datadoghq.com/detail/7791296/?gh_jid=7791296;Greenhouse;;;;;;;
Senior Sales Engineer - Majors (UK/Nordics/Netherlands);Datadog;"Denmark, Remote; Sweden, Remote; The Netherlands, Remote; United Kingdom, Remote";https://careers.datadoghq.com/detail/7904634/?gh_jid=7904634;Greenhouse;;;;;;;
Senior Sales Engineer - Ohio Valley;Datadog;Ohio, USA, Remote;https://careers.datadoghq.com/detail/8027427/?gh_jid=8027427;Greenhouse;;;;;;;
Senior Software Engineer - Linux/eBPF;Datadog;Portugal, Remote;https://careers.datadoghq.com/detail/7957461/?gh_jid=7957461;Greenhouse;;;;;;;
Senior Software Engineer - Linux/eBPF;Datadog;"Denmark, Remote; France, Remote; Germany, Remote; Ireland, Remote; Italy, Remote; Poland, Remote; Spain, Remote; Sweden, Remote; Switzerland, Remote; United Kingdom, Remote";https://careers.datadoghq.com/detail/7957460/?gh_jid=7957460;Greenhouse;;;;;;;
Senior Software Engineer - REDAPL Graph Engine;Datadog;"France, Remote; Germany, Remote; Italy, Remote; Spain, Remote; Switzerland, Remote; United Kingdom, Remote";https://careers.datadoghq.com/detail/7959966/?gh_jid=7959966;Greenhouse;;;;;;;
Staff Software Engineer - Security Agent;Datadog;Portugal, Remote;https://careers.datadoghq.com/detail/8007606/?gh_jid=8007606;Greenhouse;;;;;;;
Staff Software Engineer - Security Agent;Datadog;"France, Remote; Germany, Remote; Ireland, Remote; Italy, Remote; Spain, Remote";https://careers.datadoghq.com/detail/8007598/?gh_jid=8007598;Greenhouse;;;;;;;
Strategic Account Executive;Datadog;Florida, USA, Remote;https://careers.datadoghq.com/detail/6242929/?gh_jid=6242929;Greenhouse;;;;;;;
Strategic Account Executive;Datadog;Canada, Remote;https://careers.datadoghq.com/detail/6522865/?gh_jid=6522865;Greenhouse;;;;;;;
Strategic Account Executive;Datadog;"North Carolina, USA, Remote; South Carolina, USA, Remote";https://careers.datadoghq.com/detail/7131363/?gh_jid=7131363;Greenhouse;;;;;;;
Strategic Account Executive;Datadog;"Michigan, USA, Remote; Ohio, USA, Remote; Pennsylvania, USA, Remote";https://careers.datadoghq.com/detail/6522736/?gh_jid=6522736;Greenhouse;;;;;;;
Strategic Account Executive;Datadog;"Georgia, USA, Remote; Tennessee, USA, Remote";https://careers.datadoghq.com/detail/6522720/?gh_jid=6522720;Greenhouse;;;;;;;
Strategic Account Executive;Datadog;Chile, Remote;https://careers.datadoghq.com/detail/7131404/?gh_jid=7131404;Greenhouse;;;;;;;
Strategic Account Executive;Datadog;"District of Columbia, USA, Remote; Maryland, USA, Remote; Virginia, USA, Remote";https://careers.datadoghq.com/detail/7057036/?gh_jid=7057036;Greenhouse;;;;;;;
Strategic Account Executive (FED);Datadog;"District of Columbia, USA, Remote; Maryland, USA, Remote; Virginia, USA, Remote";https://careers.datadoghq.com/detail/7155359/?gh_jid=7155359;Greenhouse;;;;;;;
Strategic Account Executive (SLED);Datadog;"Kansas, USA, Remote; Missouri, USA, Remote; Washington, USA, Remote";https://careers.datadoghq.com/detail/6430945/?gh_jid=6430945;Greenhouse;;;;;;;
Strategic Account Executive (SLED);Datadog;Texas, USA, Remote;https://careers.datadoghq.com/detail/7453034/?gh_jid=7453034;Greenhouse;;;;;;;
Technical Account Manager 2 - South Africa;Datadog;South Africa, Remote;https://careers.datadoghq.com/detail/8018696/?gh_jid=8018696;Greenhouse;;;;;;;
MAAS Data Center Infrastructure Engineer (Toronto area);Canonical;Office Based - Toronto, Canada;https://job-boards.greenhouse.io/canonical/jobs/6177790;Greenhouse;;;;;;;
MAAS Systems Engineer - Python (Toronto area);Canonical;Office Based - Toronto, Canada;https://job-boards.greenhouse.io/canonical/jobs/6177794;Greenhouse;;;;;;;
Account Executive - Enterprise, Grower;Stripe;US-Remote, US-San Francisco, US-Chicago, US-New York, US-Seattle, US-Texas;https://stripe.com/jobs/search?gh_jid=7993151;Greenhouse;;;;;;;
Account Executive, Enterprise Platforms, Hunter;Stripe;"New York, NY; San Francisco, CA; Seattle, WA; Los Angeles, CA; Denver, CO; Austin, TX; US-West Remote";https://stripe.com/jobs/search?gh_jid=7961609;Greenhouse;;;;;;;
Account Executive, Platforms (New Business) ;Stripe;US-Remote ;https://stripe.com/jobs/search?gh_jid=7298935;Greenhouse;;;;;;;
Account Executive, Product Sales (BaaS);Stripe;SF, NYC, remote;https://stripe.com/jobs/search?gh_jid=7456716;Greenhouse;;;;;;;
AEO and GEO Marketing Manager;Stripe;Remote in the US;https://stripe.com/jobs/search?gh_jid=7844214;Greenhouse;;;;;;;
Analyst, Product Pricing;Stripe;Toronto;https://stripe.com/jobs/search?gh_jid=7896404;Greenhouse;;;;;;;
Analyst Relations Manager;Stripe;Remote in the US;https://stripe.com/jobs/search?gh_jid=8012497;Greenhouse;;;;;;;
Android Engineer, Terminal;Stripe;Toronto;https://stripe.com/jobs/search?gh_jid=7543559;Greenhouse;;;;;;;
Backend / API Engineer, Billing;Stripe;Toronto, Canada;https://stripe.com/jobs/search?gh_jid=7737237;Greenhouse;;;;;;;
Backend Engineer, AI Security;Stripe;New York, San Francisco, Seattle, or Remote (US/Canada);https://stripe.com/jobs/search?gh_jid=7826765;Greenhouse;;;;;;;
Backend Engineer, Core Tech, Canada;Stripe;Toronto, CAN-Remote;https://stripe.com/jobs/search?gh_jid=6567253;Greenhouse;;;;;;;
Backend Engineer, Core Technology;Stripe;US-Remote, Chicago, Seattle, San Francisco;https://stripe.com/jobs/search?gh_jid=6042172;Greenhouse;;;;;;;
Campaign Operations Manager;Stripe;San Francisco, Seattle, New York, Chicago, Remote in the US;https://stripe.com/jobs/search?gh_jid=7584016;Greenhouse;;;;;;;
Commercial Solutions Program Manager;Stripe;Chicago, IL , Remote;https://stripe.com/jobs/search?gh_jid=7206336;Greenhouse;;;;;;;
Company Strategy & Operations;Stripe;San Francisco, Seattle, Chicago, US-remote, New York;https://stripe.com/jobs/search?gh_jid=5956522;Greenhouse;;;;;;;
Consumer Product Marketing Lead, Link;Stripe;San Fransisco, New York, Seattle, Chicago, Remote US;https://stripe.com/jobs/search?gh_jid=7947510;Greenhouse;;;;;;;
Corporate Network Engineering Manager;Stripe;US Remote;https://stripe.com/jobs/search?gh_jid=7736482;Greenhouse;;;;;;;
Credit Operations Analyst, Risk Operations;Stripe;Chicago, Toronto, Atlanta;https://stripe.com/jobs/search?gh_jid=7722938;Greenhouse;;;;;;;
Credit Risk Analyst Commercial Underwriter, West Coast;Stripe;Chicago, US-Remote, Canada-Remote;https://stripe.com/jobs/search?gh_jid=7540441;Greenhouse;;;;;;;
Credit Risk Analyst, North American Underwriter;Stripe;Toronto, Remote-Canada ;https://stripe.com/jobs/search?gh_jid=7612192;Greenhouse;;;;;;;
Data Science Manager, Finance and Strategy;Stripe;Seattle, WA OR New York, NY OR Remote North America;https://stripe.com/jobs/search?gh_jid=7440963;Greenhouse;;;;;;;
Data Scientist;Stripe;Toronto;https://stripe.com/jobs/search?gh_jid=5895430;Greenhouse;;;;;;;
Deal Pricing;Stripe;US-Remote;https://stripe.com/jobs/search?gh_jid=7685049;Greenhouse;;;;;;;
Engineering Manager, AI Conversation Platform;Stripe;Toronto, Canada;https://stripe.com/jobs/search?gh_jid=7943804;Greenhouse;;;;;;;
Engineering Manager, Developer Productivity AI;Stripe;US-Remote;https://stripe.com/jobs/search?gh_jid=7736943;Greenhouse;;;;;;;
Engineering Manager, Terminal;Stripe;Toronto, Canada;https://stripe.com/jobs/search?gh_jid=7769005;Greenhouse;;;;;;;
Engineer Manager, Billing;Stripe;Toronto, Canada;https://stripe.com/jobs/search?gh_jid=7737243;Greenhouse;;;;;;;
Executive Engagement Lead, Office of the CRO;Stripe;NYC, SF, SEA, CHI, Remote;https://stripe.com/jobs/search?gh_jid=8027651;Greenhouse;;;;;;;
Executive Lifecycle Marketing Manager;Stripe;San Francisco or New York or US-Remote;https://stripe.com/jobs/search?gh_jid=7932062;Greenhouse;;;;;;;
Finance & Strategy Partner, Central Engineering;Stripe;Remote US, SF, SEA, NYC, CHI;https://stripe.com/jobs/search?gh_jid=7979885;Greenhouse;;;;;;;
Forward Deployed AI Accelerator, Marketing;Stripe;Remote in the US;https://stripe.com/jobs/search?gh_jid=8055930;Greenhouse;;;;;;;
Fraud Patterns Analyst;Stripe;US-Remote;https://stripe.com/jobs/search?gh_jid=7913410;Greenhouse;;;;;;;
Fraud Strategy Manager ;Stripe;Remote ;https://stripe.com/jobs/search?gh_jid=8039729;Greenhouse;;;;;;;
Fullstack Engineer, Privy;Stripe;NYC-Privy, US-Remote ;https://stripe.com/jobs/search?gh_jid=7091959;Greenhouse;;;;;;;
Full Stack Engineer, Support Experience;Stripe;Toronto;https://stripe.com/jobs/search?gh_jid=8062708;Greenhouse;;;;;;;
Global Filing Specialist, Tax;Stripe;US Remote,Toronto, CA-Remote-Ontario;https://stripe.com/jobs/search?gh_jid=7997545;Greenhouse;;;;;;;
Global Sales Enablement Systems Administrator;Stripe;US-Remote;https://stripe.com/jobs/search?gh_jid=7993682;Greenhouse;;;;;;;
GTM Operations Process Architect;Stripe;US Remote National;https://stripe.com/jobs/search?gh_jid=7993610;Greenhouse;;;;;;;
GTM Recruiter, AMER (Fixed Term);Stripe;Chicago, US-Remote;https://stripe.com/jobs/search?gh_jid=7942216;Greenhouse;;;;;;;
Head of Marketing Operations;Stripe;San Francisco, New York, Seattle, Chicago, Atlanta, Toronto, Remote in the US, Remote in Canada;https://stripe.com/jobs/search?gh_jid=8065643;Greenhouse;;;;;;;
Head of Market Intelligence, Product Marketing;Stripe;SF, Seattle, NYC, Chicago, Remote in the US;https://stripe.com/jobs/search?gh_jid=8036235;Greenhouse;;;;;;;
Indirect Tax (VAT/GST) Advisory Consultant;Stripe;NYC, SF, SEA, US Remote;https://stripe.com/jobs/search?gh_jid=7950653;Greenhouse;;;;;;;
Integrated Campaigns Manager, Startups and AI;Stripe;San Francisco, New York, Seattle, Chicago, Remote in the US;https://stripe.com/jobs/search?gh_jid=7587812;Greenhouse;;;;;;;
Integrated Campaigns Manager, Treasury;Stripe;New York, San Francisco, Seattle, Chicago, Remote in the US;https://stripe.com/jobs/search?gh_jid=7978019;Greenhouse;;;;;;;
Integration Engineer (Global) ;Stripe;Toronto;https://stripe.com/jobs/search?gh_jid=7896519;Greenhouse;;;;;;;
Internal Audit Data Analytics Lead;Stripe;Toronto, New York, San Francisco;https://stripe.com/jobs/search?gh_jid=8026689;Greenhouse;;;;;;;
Internal Product Engineer, Developer Productivity AI ;Stripe;Toronto, Canada ;https://stripe.com/jobs/search?gh_jid=7896151;Greenhouse;;;;;;;
Machine Learning Engineer;Stripe;Toronto;https://stripe.com/jobs/search?gh_jid=8014859;Greenhouse;;;;;;;
ML Engineer Manager, AI Conversation Platform;Stripe;Toronto, Canada;https://stripe.com/jobs/search?gh_jid=8022713;Greenhouse;;;;;;;
Operations Insights, Tax;Stripe;US Remote;https://stripe.com/jobs/search?gh_jid=7997542;Greenhouse;;;;;;;
Paid Digital Marketing Manager;Stripe;"US: SF Bay Area, Seattle, New York, US Remote; Canada";https://stripe.com/jobs/search?gh_jid=7617049;Greenhouse;;;;;;;
Paid Social Marketing Manager, Americas;Stripe;Remote (US);https://stripe.com/jobs/search?gh_jid=7978017;Greenhouse;;;;;;;
Partner Development Manager, Financial Connections;Stripe;New York, San Francisco, Seattle, Chicago, US-Remote ;https://stripe.com/jobs/search?gh_jid=8027573;Greenhouse;;;;;;;
Partner Development Manager, Financial Connections;Stripe;New York, San Francisco, Seattle, Chicago, US-Remote;https://stripe.com/jobs/search?gh_jid=8027577;Greenhouse;;;;;;;
Partner Development Manager, Global Networks;Stripe;"US-Remote; US-Chicago; US-Atlanta; Canada-Toronto; Canada-Remote; US-NYC; US-San Francisco; US-Seattle";https://stripe.com/jobs/search?gh_jid=7697675;Greenhouse;;;;;;;
Partner Development Manager, Strategic Partnerships;Stripe;"US-San Francisco; US-New York City; US-Seattle; US-Remote; US-Chicago; CA-Toronto; CA-Remote";https://stripe.com/jobs/search?gh_jid=7973002;Greenhouse;;;;;;;
Payments Fraud Investigator;Stripe;US-Remote;https://stripe.com/jobs/search?gh_jid=7913406;Greenhouse;;;;;;;
Payments Performance Strategist, Card Authorization;Stripe;"San Francisco, CA; Seattle, WA; Chicago, IL; New York, NY; Atlanta, GA; US-Remote";https://stripe.com/jobs/search?gh_jid=8004054;Greenhouse;;;;;;;
People Partner;Stripe;San Francisco, Seattle, New York, Chicago, Atlanta or Toronto;https://stripe.com/jobs/search?gh_jid=7704660;Greenhouse;;;;;;;
People Project Manager;Stripe;US-Remote, Atlanta, Chicago;https://stripe.com/jobs/search?gh_jid=7953899;Greenhouse;;;;;;;
People Solutions Program Manager;Stripe;"US-Remote; US-Chicago; US-Atlanta; CA-Toronto";https://stripe.com/jobs/search?gh_jid=7594208;Greenhouse;;;;;;;
Portfolio Pricing Strategist;Stripe;US-Remote;https://stripe.com/jobs/search?gh_jid=7858811;Greenhouse;;;;;;;
Product Counsel (Crypto/Bridge) ;Stripe;SF, NYC, US-Remote;https://stripe.com/jobs/search?gh_jid=8066956;Greenhouse;;;;;;;
Product Counsel, Terminal;Stripe;US-Remote, Toronto;https://stripe.com/jobs/search?gh_jid=7558757;Greenhouse;;;;;;;
Product Designer, Terminal;Stripe;Toronto;https://stripe.com/jobs/search?gh_jid=7925550;Greenhouse;;;;;;;
Product Lead, Connect;Stripe;San Francisco, New York City, Seattle, US Remote;https://stripe.com/jobs/search?gh_jid=7819759;Greenhouse;;;;;;;
Product Manager - Compliance, Bridge;Stripe;New York, San Francisco or Remote;https://stripe.com/jobs/search?gh_jid=7979422;Greenhouse;;;;;;;
Product Manager, Ecosystem Risk;Stripe;New-York, Atlanta, Remote, Toronto;https://stripe.com/jobs/search?gh_jid=7984866;Greenhouse;;;;;;;
Product Manager, Growth AI Outreach Motion ;Stripe;Toronto, Remote- Canada;https://stripe.com/jobs/search?gh_jid=7809139;Greenhouse;;;;;;;
Product Manager, Link - Consumer;Stripe;SF, SEA, NY, Remote-US;https://stripe.com/jobs/search?gh_jid=7392697;Greenhouse;;;;;;;
Product Manager, Payments;Stripe;SF, NY, SEA, Remote-US;https://stripe.com/jobs/search?gh_jid=7176530;Greenhouse;;;;;;;
Product Manager, Sail Core;Stripe;Toronto;https://stripe.com/jobs/search?gh_jid=7913698;Greenhouse;;;;;;;
Product Marketing Manager;Stripe;San Francisco, New York, Seattle, Chicago, Remote, Toronto;https://stripe.com/jobs/search?gh_jid=6348471;Greenhouse;;;;;;;
Product Marketing Manager, Growth;Stripe;Remote in the US;https://stripe.com/jobs/search?gh_jid=7914005;Greenhouse;;;;;;;
Product Marketing Manager, Market Intelligence;Stripe;SF, Seattle, NYC, Chicago, Toronto, Remote in the US;https://stripe.com/jobs/search?gh_jid=8014761;Greenhouse;;;;;;;
Product Marketing Manager, Radar;Stripe;SF, NYC, Seattle, Remote;https://stripe.com/jobs/search?gh_jid=7961101;Greenhouse;;;;;;;
Product StratOps, Air Cleaning Technologies;Stripe;New York, San Francisco, US-Remote;https://stripe.com/jobs/search?gh_jid=8060391;Greenhouse;;;;;;;
Program Manager, GTM Planning;Stripe;US-Chicago, US-Remote;https://stripe.com/jobs/search?gh_jid=7656504;Greenhouse;;;;;;;
Program Manager, Intake & Portfolio Management;Stripe;Remote;https://stripe.com/jobs/search?gh_jid=7569678;Greenhouse;;;;;;;
Program Manager, Risk Ops Enablement;Stripe;US-Remote;https://stripe.com/jobs/search?gh_jid=7214197;Greenhouse;;;;;;;
Program Manager, Security Business Enablement;Stripe;US - Remote;https://stripe.com/jobs/search?gh_jid=7917252;Greenhouse;;;;;;;
Program Manager, Security Business Enablement;Stripe;US-REMOTE;https://stripe.com/jobs/search?gh_jid=7966641;Greenhouse;;;;;;;
Program Manager, Solutions Architecture (GTM Transformation);Stripe;Chicago, Atlanta, US-Remote;https://stripe.com/jobs/search?gh_jid=7470827;Greenhouse;;;;;;;
Project Manager, Global Expansion;Stripe;SF, SEA, NYC, CHI, US-Remote;https://stripe.com/jobs/search?gh_jid=8036325;Greenhouse;;;;;;;
Risk Operations Analyst, Financial Crimes Programs;Stripe;Remote, US;https://stripe.com/jobs/search?gh_jid=7430296;Greenhouse;;;;;;;
Risk Operations Program Manager;Stripe;US-Remote;https://stripe.com/jobs/search?gh_jid=8055659;Greenhouse;;;;;;;
Risk Strategist, Onboarding and Compliance;Stripe;Chicago, US-Remote, Toronto;https://stripe.com/jobs/search?gh_jid=7697973;Greenhouse;;;;;;;
Risk Strategist - Screening (Financial Crimes);Stripe;"US-Chicago; US-Atlanta; US-Remote; Canada-Toronto; Canada-Remote";https://stripe.com/jobs/search?gh_jid=7874862;Greenhouse;;;;;;;
Risk Strategist, User Risk Strategy;Stripe;Chicago, SEA, SF, NYC, US-Remote;https://stripe.com/jobs/search?gh_jid=7594866;Greenhouse;;;;;;;
Sales Compensation Analytics & Systems Specialist;Stripe;CHI, SF, NYC, SEA, US Remote;https://stripe.com/jobs/search?gh_jid=7739207;Greenhouse;;;;;;;
Sales Excellence Manager, Global Sales Vendors;Stripe;Remote in the US;https://stripe.com/jobs/search?gh_jid=8011418;Greenhouse;;;;;;;
Security Engineer;Stripe;South San Francisco, CA and US-Remote;https://stripe.com/jobs/search?gh_jid=7923191;Greenhouse;;;;;;;
Senior Staff Product Designer, Risk;Stripe;US Remote;https://stripe.com/jobs/search?gh_jid=8031782;Greenhouse;;;;;;;
Software Engineer, New Grad, Developer & End User Experience Platform;Stripe;Toronto;https://stripe.com/jobs/search?gh_jid=7991718;Greenhouse;;;;;;;
Software Engineer, Security Analytics Infrastructure;Stripe;US - Remote;https://stripe.com/jobs/search?gh_jid=7826761;Greenhouse;;;;;;;
Solutions Architect, Enterprise (Pre-sales);Stripe;Chicago, IL or New York City, NY OR US Remote;https://stripe.com/jobs/search?gh_jid=7827184;Greenhouse;;;;;;;
Specialist Solution Architect, Money Management;Stripe;NYC, SF, Chi, Remote;https://stripe.com/jobs/search?gh_jid=7370967;Greenhouse;;;;;;;
Specialist Solutions Architect, Billing;Stripe;Remote;https://stripe.com/jobs/search?gh_jid=7728618;Greenhouse;;;;;;;
Staff Full Stack Engineer, Identity;Stripe;Remote;https://stripe.com/jobs/search?gh_jid=7895467;Greenhouse;;;;;;;
Staff Fullstack Engineer, User Auth Experience;Stripe;Toronto, Chicago, Atlanta;https://stripe.com/jobs/search?gh_jid=8030628;Greenhouse;;;;;;;
Staff Product Manager, Cards Monetization;Stripe;Seattle, San Francisco, New York, US - Remote;https://stripe.com/jobs/search?gh_jid=7980498;Greenhouse;;;;;;;
Staff Product Manager, Dashboard;Stripe;San Francisco, Seattle, NYC, Chicago, Atlanta, US Remote;https://stripe.com/jobs/search?gh_jid=7913702;Greenhouse;;;;;;;
Staff Product Manager, Enterprise;Stripe;San Francisco, Seattle, New York, Chicago, Atlanta, Remote;https://stripe.com/jobs/search?gh_jid=7812856;Greenhouse;;;;;;;
Staff Product Manager, ML Foundations and GenAI;Stripe;Seattle, San Francisco, New York, US - Remote;https://stripe.com/jobs/search?gh_jid=7517535;Greenhouse;;;;;;;
Staff Product Manager, Payments;Stripe;SF, SEA, NYC, Remote;https://stripe.com/jobs/search?gh_jid=7819059;Greenhouse;;;;;;;
Staff Software Engineer, Machine Learning Platform;Stripe;Toronto;https://stripe.com/jobs/search?gh_jid=7712852;Greenhouse;;;;;;;
Staff Software Engineer, Stream Compute;Stripe;San Francisco, Seattle, New York, Toronto ;https://stripe.com/jobs/search?gh_jid=7767063;Greenhouse;;;;;;;
Technical Account Manager, Terminal;Stripe;Remote, US;https://stripe.com/jobs/search?gh_jid=7366283;Greenhouse;;;;;;;
Technical Partner Manager;Stripe;"US-Atlanta; US-Chicago; US-Remote; CA-Toronto; CA-Remote";https://stripe.com/jobs/search?gh_jid=7976987;Greenhouse;;;;;;;
Technical Partner Manager - Networks;Stripe;"US-Remote; US-Chicago; US-Atlanta; Canada-Toronto";https://stripe.com/jobs/search?gh_jid=7543679;Greenhouse;;;;;;;
Technical Program Manager, Core Infrastructure;Stripe;Seattle, SF, Remote;https://stripe.com/jobs/search?gh_jid=7589234;Greenhouse;;;;;;;
Technical Program Manager,  Extensibility Programs;Stripe;Remote in the US, Chicago, Atlanta;https://stripe.com/jobs/search?gh_jid=7778643;Greenhouse;;;;;;;
Technical Program Manager, Extensibility Programs;Stripe;Toronto;https://stripe.com/jobs/search?gh_jid=7749540;Greenhouse;;;;;;;
Technical Program Manager,  Identity and Access Management Programs;Stripe;Remote in the US, Chicago, Atlanta;https://stripe.com/jobs/search?gh_jid=7417090;Greenhouse;;;;;;;
Technical Program Manager, Money-as-a-Service;Stripe;Remote in the US;https://stripe.com/jobs/search?gh_jid=8042055;Greenhouse;;;;;;;
Technical Program Manager, Risk;Stripe;US Remote;https://stripe.com/jobs/search?gh_jid=7685855;Greenhouse;;;;;;;
Technical Program Manager, Service Infrastructure;Stripe;Seattle, San Francisco, Remote in the US;https://stripe.com/jobs/search?gh_jid=7985196;Greenhouse;;;;;;;
Technical Solutions Engineer;Stripe;Remote - California, Remote - Colorado, Remote - Oregon, Remote - Washington ;https://stripe.com/jobs/search?gh_jid=7377101;Greenhouse;;;;;;;
Technical Writer, Docs Content;Stripe;US Remote;https://stripe.com/jobs/search?gh_jid=8036155;Greenhouse;;;;;;;
User Risk Strategist, Ecosystem Risk Strategy;Stripe;"US-Chicago; US-Atlanta; US-Remote";https://stripe.com/jobs/search?gh_jid=7977981;Greenhouse;;;;;;;
Workday Compensation Lead;Stripe;Canada, US-Remote, Chicago, Atlanta;https://stripe.com/jobs/search?gh_jid=7765976;Greenhouse;;;;;;;
Writer, Content Marketing;Stripe;Remote US;https://stripe.com/jobs/search?gh_jid=7587814;Greenhouse;;;;;;;
AI Engineer, Community Support Engineering;Airbnb;China - Remote;https://careers.airbnb.com/positions/7946288?gh_jid=7946288;Greenhouse;;;;;;;
Android Software Engineer, Quality Platform;Airbnb;Remote, Brazil;https://careers.airbnb.com/positions/7744247?gh_jid=7744247;Greenhouse;;;;;;;
Data Scientist - Algorithms, Community Support;Airbnb;Remote - USA;https://careers.airbnb.com/positions/8031901?gh_jid=8031901;Greenhouse;;;;;;;
Data Scientist - Inference, Community Support;Airbnb;Remote - USA;https://careers.airbnb.com/positions/8031907?gh_jid=8031907;Greenhouse;;;;;;;
Engineering Manager, Payments;Airbnb;USA - Remote;https://careers.airbnb.com/positions/8044558?gh_jid=8044558;Greenhouse;;;;;;;
Gestionnaire de bureau, Montréal;Airbnb;Montreal, Canada;https://careers.airbnb.com/positions/8038315?gh_jid=8038315;Greenhouse;;;;;;;
Office Manager, Montreal;Airbnb;Montreal, Canada;https://careers.airbnb.com/positions/8038314?gh_jid=8038314;Greenhouse;;;;;;;
Principal Software Engineer, Performance;Airbnb;Remote-US;https://careers.airbnb.com/positions/7826679?gh_jid=7826679;Greenhouse;;;;;;;
Senior Data Scientist, Guest & Host;Airbnb;Remote;https://careers.airbnb.com/positions/7662244?gh_jid=7662244;Greenhouse;;;;;;;
Senior iOS Automation Engineer;Airbnb;Brazil - Remote;https://careers.airbnb.com/positions/7453190?gh_jid=7453190;Greenhouse;;;;;;;
Senior iOS Software Engineer, Quality Platform;Airbnb;Brazil - Remote;https://careers.airbnb.com/positions/7453202?gh_jid=7453202;Greenhouse;;;;;;;
Senior Machine Learning Engineer, Customer Support Engineering;Airbnb;Remote-USA;https://careers.airbnb.com/positions/8014904?gh_jid=8014904;Greenhouse;;;;;;;
Senior Software Engineer, (Python, GenAI, MCP);Airbnb;Remote - Bangalore, India;https://careers.airbnb.com/positions/7556182?gh_jid=7556182;Greenhouse;;;;;;;
Senior Staff Data Scientist, Guest & Host Marketplace AI;Airbnb;Remote;https://careers.airbnb.com/positions/7107054?gh_jid=7107054;Greenhouse;;;;;;;
Senior Staff Engineer, Communication & Connectivity;Airbnb;Remote - USA;https://careers.airbnb.com/positions/8017277?gh_jid=8017277;Greenhouse;;;;;;;
Senior Staff Machine Learning Engineer, Growth Platform Engineering;Airbnb;Remote - USA;https://careers.airbnb.com/positions/7747259?gh_jid=7747259;Greenhouse;;;;;;;
Senior Staff Machine Learning Engineer, Guest & Host;Airbnb;Remote - USA;https://careers.airbnb.com/positions/7005605?gh_jid=7005605;Greenhouse;;;;;;;
Senior Staff Machine Learning Engineer, Post Training;Airbnb;Remote - USA;https://careers.airbnb.com/positions/7858738?gh_jid=7858738;Greenhouse;;;;;;;
Senior Staff Machine Learning Engineer, Trust;Airbnb;Remote - USA;https://careers.airbnb.com/positions/7592146?gh_jid=7592146;Greenhouse;;;;;;;
Senior Staff Operations Engineer, AIOps;Airbnb;Remote - United States;https://careers.airbnb.com/positions/7644921?gh_jid=7644921;Greenhouse;;;;;;;
Senior Staff Software Engineer, Host Pricing & Settings;Airbnb;Remote - USA;https://careers.airbnb.com/positions/8039723?gh_jid=8039723;Greenhouse;;;;;;;
Senior Staff Software Engineer, Payments;Airbnb;Remote - Bangalore, India;https://careers.airbnb.com/positions/7525479?gh_jid=7525479;Greenhouse;;;;;;;
Senior Staff Software Engineer, Payments;Airbnb;Remote, USA;https://careers.airbnb.com/positions/7688467?gh_jid=7688467;Greenhouse;;;;;;;
Senior Staff Software Engineer, Trust;Airbnb;Remote - US;https://careers.airbnb.com/positions/7818982?gh_jid=7818982;Greenhouse;;;;;;;
Software Engineer, Cloud Networking;Airbnb;Remote - USA or Canada;https://careers.airbnb.com/positions/8037090?gh_jid=8037090;Greenhouse;;;;;;;
Software Engineer, Dev Tools;Airbnb;Remote - USA;https://careers.airbnb.com/positions/8055229?gh_jid=8055229;Greenhouse;;;;;;;
Staff Data Scientist - Long Term Impact;Airbnb;Remote - USA;https://careers.airbnb.com/positions/8042680?gh_jid=8042680;Greenhouse;;;;;;;
Staff Frontend Engineer, Client Data & Networking Platform;Airbnb;Remote - USA;https://careers.airbnb.com/positions/7962101?gh_jid=7962101;Greenhouse;;;;;;;
Staff Full Stack Engineer, Reservations and Additional Products;Airbnb;Remote, USA;https://careers.airbnb.com/positions/7763307?gh_jid=7763307;Greenhouse;;;;;;;
Staff Machine Learning Engineer, Listings and Host Tools Data and AI;Airbnb;Remote-USA;https://careers.airbnb.com/positions/7454348?gh_jid=7454348;Greenhouse;;;;;;;
Staff Platform Manager, Quality;Airbnb;Remote - United States ;https://careers.airbnb.com/positions/8060054?gh_jid=8060054;Greenhouse;;;;;;;
Staff Software Engineer, Build (Bazel);Airbnb;Remote - USA;https://careers.airbnb.com/positions/7739337?gh_jid=7739337;Greenhouse;;;;;;;
Staff Software Engineer, Community Support Engineering;Airbnb;Remote - USA;https://careers.airbnb.com/positions/7463421?gh_jid=7463421;Greenhouse;;;;;;;
Instructional Operations Coordinator;MasteryPrep;Remote, ;https://remoteOK.com/remote-jobs/remote-instructional-operations-coordinator-masteryprep-1134774;RemoteOK;;2026-07-13T17:07:22+00:00;;;;;
Jr Creative Strategist;Trivium Group;Toronto, Toronto, Ontario, Canada;https://remoteOK.com/remote-jobs/remote-jr-creative-strategist-trivium-group-1134870;RemoteOK;;2026-07-13T16:13:23+00:00;;;;;
Product Manager AI;YipitData;US Remote;https://remoteOK.com/remote-jobs/remote-product-manager-ai-yipitdata-1134770;RemoteOK;;2026-07-13T16:00:32+00:00;;;;;
